<?xml version="1.0" encoding="UTF-8"?>
<project-private xmlns="http://www.netbeans.org/ns/project-private/1">
    <editor-bookmarks xmlns="http://www.netbeans.org/ns/editor-bookmarks/2" lastBookmarkId="0"/>
    <open-files xmlns="http://www.netbeans.org/ns/projectui-open-files/2">
        <group>
            <file>file:/C:/NetBeansProjects/itse2317002002-asg10/web/form-processor-two.jsp</file>
            <file>file:/C:/NetBeansProjects/itse2317002002-asg10/web/index.html</file>
            <file>file:/C:/NetBeansProjects/itse2317002002-asg10/build.xml</file>
            <file>file:/C:/NetBeansProjects/itse2317002002-asg10/web/form-processor-one.jsp</file>
            <file>file:/C:/NetBeansProjects/itse2317002002-asg10/web/WEB-INF/web.xml</file>
            <file>file:/C:/NetBeansProjects/itse2317002002-asg10/web/WEB-INF/jboss-web.jsp</file>
            <file>file:/C:/NetBeansProjects/itse2317002002-asg10/web/css-1.css</file>
        </group>
    </open-files>
</project-private>
