<?xml version="1.0" encoding="UTF-8"?>
<project-private xmlns="http://www.netbeans.org/ns/project-private/1">
    <editor-bookmarks xmlns="http://www.netbeans.org/ns/editor-bookmarks/2" lastBookmarkId="0"/>
    <open-files xmlns="http://www.netbeans.org/ns/projectui-open-files/2">
        <group>
            <file>file:/C:/NetBeansProjects/itse2317002002-asg12/web/index.jsp</file>
            <file>file:/C:/NetBeansProjects/itse2317002002-asg12/web/WEB-INF/jboss-web.xml</file>
            <file>file:/C:/NetBeansProjects/itse2317002002-asg12/web/WEB-INF/web.xml</file>
            <file>file:/C:/NetBeansProjects/itse2317002002-asg12/web/cookieCreator.jsp</file>
            <file>file:/C:/NetBeansProjects/itse2317002002-asg12/web/readingCookies.jsp</file>
            <file>file:/C:/NetBeansProjects/itse2317002002-asg12/web/cookieCreatorProcessor.jsp</file>
            <file>file:/C:/NetBeansProjects/itse2317002002-asg12/web/sessionCreation.jsp</file>
        </group>
    </open-files>
</project-private>
